[
	{
		"name": "Brewery",
		"hurryCostModifier": 25,
		"happiness": 2,
		"production": -2,
		"gold": 1,
		"culture": 3,
		"cost": 100,
		"resourceBonusStats": {
			"gold": 1
		},
		"requiredNearbyImprovedResources": [
			"Hops",
			"Wine"
		],
		"uniques": [
			"Provides [2] [Wine]"
		],
		"requiredTech": "Calendar"
	},
	{
		"name": "Teahouse",
		"hurryCostModifier": 25,
		"happiness": 3,
		"gold": 1,
		"culture": 3,
		"cost": 100,
		"resourceBonusStats": {
			"culture": 1
		},
		"requiredNearbyImprovedResources": [
			"Tea",
			"Herbs"
		],
		"uniques": [
		"[+50]% [Culture] [in this city]"
		],
		"requiredTech": "Acoustics"
	},
	{
		"name": "Café",
		"hurryCostModifier": 25,
		"culture": 2,
		"science": 2,
		"gold": 1,
		"happiness": 1,
		"cost": 350,
		"resourceBonusStats": {
			"gold": 1,
			"production": 1
		},
		"requiredNearbyImprovedResources": [
			"Coffee",
			"Tobacco"
		],
		"uniques": [
			"Free Social Policy"
		],
		"requiredTech": "Economics"
	},
  {
    "name": "Gemcutter",
    "cost": "100",
    "maintenance": 1,
      "culture": 2,
    "requiredNearbyImprovedResources": [
      "Gems",
      "Diamond",
      "Amber",
      "Jade"
    ],
    "resourceBonusStats": {
      "gold": 2,
      "happiness": 1
    },
    "hurryCostModifier": 20,
    "requiredTech": "Machinery"
  },
  {
    "name": "Textile Mill",
    "cost": "300",
    "maintenance": 1,
    "production": 2,
    "requiredNearbyImprovedResources": [
      "Cotton",
      "Silk",
      "Furs",
      "Dyes"
    ],
    "resourceBonusStats": {
      "production": 2
    },
    "hurryCostModifier": 20,
    "requiredTech": "Guilds"
  },
  {
    "name": "Clothing Store",
    "cost": "300",
    "maintenance": 2,
    "resourceBonusStats": {
      "culture": 1,
      "happiness": 1
    },
    "hurryCostModifier": 20,
    "requiredBuilding": "Textile Mill",
    "requiredTech": "Economics"
  },
	{
		"name": "EIC Colony",
		"hurryCostModifier": 20,
		"food": -1,
		"gold": 3,
		"cost": 350,
		"resourceBonusStats": {
			"gold": 1
		},
		"requiredNearbyImprovedResources": [
			"Cocoa",
			"Coffee",
			"Sugar",
			"Rubber",
			"Citrus",
			"Olives",
			"Spices "
		],
		"uniques": [ "[+1 Gold] from each Trade Route","Provides 1 extra copy of each improved luxury resource near this City","Cost increases by [50] per owned city"	],
		"requiredTech": "Navigation"
	},
	{
		"name": "Liquor",
		"hurryCostModifier": 25,
		"happiness": 3,
		"gold": 1,
		"production": 3,
		"cost": 300,
		"resourceBonusStats": {
			"gold": 2
		},
		"requiredBuilding": "Brewery",
		"uniques": ["[-15]% unhappiness from [Population] [in this city]"],
		"requiredTech": "Chemistry"
	},
	{
		"name": "Hunt House",
		"hurryCostModifier": 25,
		"food": 3,
		"production": 1,
		"cost": 100,
		"requiredNearbyImprovedResources": [
			
			"Fur",
			"Deer"
		],
		"resourceBonusStats": {
			"food": 1
		},
		"uniques": [
			"Must be next to [Tundra]","[20]% Food is carried over after population increases [in this city]","[+2 Food] from [Trading Settlement] tiles in this city"],
		"requiredTech": "Trapping"
	},
	{
		"name": "Water Well",
		"hurryCostModifier": 25,
		"food": 3,
		"production": 1,
		"cost": 100,
		"resourceBonusStats": {
			"food": 1
		},
		"uniques": [
			"Must be next to [Desert]","[+2 Food] from [Oasis] tiles in this city","[20]% Food is carried over after population increases [in this city]"],
		"requiredTech": "Mathematics"
	},
        {"name": "Desert Trading Center",
		"hurryCostModifier": 25,
		"food": 3,
		"gold": 3,
		"cost": 150,
		"resourceBonusStats": {
			"gold": 1
		},
"requiredNearbyImprovedResources": [
"Camel"],
		"uniques": [
			"Must be next to [Desert]","[+3 Food] from [Land Trade Route (Food)] tiles in this city",
        	"[+3 Gold] from [Land Trade Route (Gold)] tiles in this city"
],
		"requiredTech": "Mathematics"
	},

	{
		"name": "Advanced Port",
		"hurryCostModifier": 25,
		"maintenance": 2,
		"cost": 100,
		"requiredBuilding": "Lighthouse",
		"uniques": ["Must have an owned [Bay] within [2] tiles","Can only be built in coastal cities","[30]% Production when constructing [Water] units [in this city]"],
		"requiredTech": "Compass"
	},
	{
    "name": "Oil Refinery",
    "cost": "450",
    "maintenance": 2,
    "production": 3,
    "requiredNearbyImprovedResources": [
      "Oil"
    ],
    "resourceBonusStats": {
      "gold": 3
    },
    "hurryCostModifier": 20,
    "requiredTech": "Biology"
  },

    {
        "name": "Granary", 
        "food": 2,
        "maintenance": 1,
        "hurryCostModifier": 25,
        "uniques": ["[+1 Food] from [Taro] tiles in this city",
		"[+1 Food] from [Rice] tiles in this city",
		"[+1 Food] from [Wheat] tiles in this city",
                        "[+1 Food] from [Potato] tiles in this city",
		"[+3 Food] from [Land Trade Route (Food)] tiles in this city",
        	"[+3 Food] from [Sea Trade Route (Food)] tiles in this city"],
        "requiredTech": "Pottery"
    },
    {
        "name": "Lighthouse",
        "hurryCostModifier": 25,
        "maintenance": 1,
        "uniques": ["Must be next to [Coast]","[+1 Food] from [Coast] tiles in this city",
        	"[+1 Food] from [Ocean] tiles in this city","[+1 Food] from [Fish] tiles in this city","[+1 Food] from [Cod] tiles in this city"],
        "requiredTech": "Optics"
    },
    {
        "name": "Canal",
        "hurryCostModifier": 25,
        "maintenance": 2,
        "happiness": 4,
       "cost": 75,
        "uniques": ["Must be next to [Coast]","Connects trade routes over water",
            "[+1 Gold] from [Sea Trade Route (Production)] tiles in this city","[+1 Gold] from [Sea Trade Route (Gold)] tiles in this city"],
        "cannotBeBuiltWith": "Lighthouse",
        "requiredTech": "Architecture"
    },

    {
        "name": "Camel Stable", 
        "maintenance": 1,
        "cost": 75,
        "requiredNearbyImprovedResources": ["Camel"],
        "hurryCostModifier": 25,
        "uniques": ["[15]% Production when constructing [Mounted] units [in this city]",
        	"[+1 Production] from [Camel] tiles in this city","Must be next to [Desert]","All newly-trained [Mounted] units in this city receive the [Desert Warrior] promotion]"],
"cannotBeBuiltWith":  "Stable",
        "requiredTech": "Horseback Riding"
    }



]
