[
	{
		"name": "Hop Garden",
		"turnsToBuild": 7,
		"gold": 1,
		"production": 1,
		"techRequired": "Calendar",
		"improvingTech": "Fertilizer",
		"uniques": ["[+1 Food] <after discovering [Fertilizer]>", "Can only be built to improve a resource"]
		"improvingTechStats": {
			"gold": 1,
			"production": 1
		}
	},
	{
		"name": "Trading Outpost",
		"terrainsCanBeBuiltOn": ["Plains","Grassland","Desert","Tundra"],
		"turnsToBuild": 7,
		"gold": -1,
		"techRequired": "Guilds",
		"improvingTech": "Economics",
		"improvingTechStats": {"gold": 1},
	    "uniques": ["[+1 Gold] for each adjacent [Road]","[+1 Gold] for each adjacent [Railroad]"]
	},
	{
		"name": "Trading Settlement",
		"terrainsCanBeBuiltOn": ["Plains","Grassland","Desert","Tundra"],
		"turnsToBuild": 7,
		"gold": -1,
		"techRequired": "Construction",
		"improvingTech": "Fertilizer",
		"improvingTechStats": {"food": 1},
	        "uniques": ["[+1 Production] for each adjacent [Railroad]","[+1 Food] for each adjacent [Road]","[+1 Food] for each adjacent [Railroad]"]
	},
	{
		"name": "Port",
		"terrainsCanBeBuiltOn": ["Coast"],
		"resourceTerrainAllow": ["Bay"],
		"food": 1,
		"techRequired": "Sailing",
		"improvingTech": "Compass",
		"improvingTechStats": {"gold": 1},
		"uniques": ["+[15]% production when building [naval units] in this city","Gives a defensive bonus of [50]%"]
	}
]
