[

	{
		"name": "Camp Followers",
		"unitType": "Civilian",
		"movement":2,
		"hurryCostModifier": 10,
		"requiredTech": "Economics",
		"obsoleteTech": "Railroads",
		"uniques": ["Can build [Fort] improvements on tiles", "All adjacent units heal [10] HP when healing"],
		"cost": 130
	},
	{
		"name": "Supplies",
		"unitType": "Civilian",
		"movement":3,
		"hurryCostModifier": 10,
		"requiredTech": "Railroads",
		"uniques": [ "All adjacent units heal [20] HP when healing","Can build [Fort] improvements on tiles","Ignores terrain cost"],
		"cost": 200
	}
]
